 [
  {
    "id": ["Mail", "fa fa-envelope-open-o"],
    "sub": [
      {
        "id": ["Offer", "fa fa-bell-o"]
      },
      {
        "id": ["Contact", "fa fa-address-book-o"]
      },
      {
        "id": ["Calender", "fa fa-calendar"],
        "sub": [
          {
            "id": ["Deadlines", "fa fa-clock-o"]
          },
          {
            "id": ["Meetings", "fa fa-users"]
          },
          {
            "id": ["Workouts", "fa fa-briefcase"]
          },
          {
            "id": ["Events", "fa fa-coffee"]
          }
        ]
      }
    ]
  },
  {
    "id":["Inbox", "fa fa-folder-open-o"],
    "sub": [
      {
        "id": ["Admin","fa fa-folder-open-o"]
      },
      {
        "id": ["Corporate","fa fa-folder-open-o"]
      },
      {
        "id": ["Finance","fa fa-folder-open-o"]
      },
      {
        "id": ["Other","fa fa-folder-open-o"]
      }
    ]
  },
  {
    "id": ["Favourites","fa fa-diamond"],
    "sub": [
      {
        "id": ["Restaurant","fa fa-cutlery"]
      },
      {
        "id": ["Places","fa fa-eye"]
      },
      {
        "id": ["Games","fa fa-gamepad"]
      },
      {
        "id": ["Coctails","fa fa-glass"]
      },
      {
        "id": ["Food","fa fa-apple"]
      }
    ]
  },
  {
    "id": ["Notes","fa fa-comment"]
  },
  {
    "id": ["Settings", "fa fa-cogs"]
  },
  {
    "id": ["Devices", "fa fa-desktop"]
  },
  {
    "id": ["Delete Items", "fa fa-trash-o"]
  }
]


